id,title,salary_from,salary_to,currency,town,experience,info,firm_name,url,platform
1,Python Backend Developer,110000,,rub,Москва,От 1 года до 3 лет,"Требования: Опыт написания кода на Django (+ DRF) от 2х лет. Понимание способов оптимизации SQL запросов к БД.  Ответственность: Разработка серверной части. Проектирование архитектуры кода, проведение грумминг сессий с командой. Написание свежего и чистого кода, никакого легаси (все пишется...",O.dev,https://hh.ru/vacancy/85778361,HeadHunter
2,Python developer,,,,Москва,От 1 года до 3 лет,Требования: Коммерческий опыт разработки на Python на фреймворках Aiohttp/ Aioamqp – от 3 лет. Понимание базовых принципов работы API. Отличное понимание ООП.  Ответственность: Анализ API-сторонних сервисов и доработка собственных. Реализация stateless микросервисов. Разработка внутренних библиотек. Оптимизация узких мест в основной архитектуре продукта.,CoMagic.dev,https://hh.ru/vacancy/84509350,HeadHunter
3,Технический Директор (Chief Technical Officer),400000,700000,rub,Москва,От 3 до 6 лет,"Требования: ...человек с полным циклом в сфере разработки DevOps, Dev Back Dev Front, Dev Mobile, Testing, Project management team members.  Ответственность: Быстрый аудит команд и докомплектация под стоящие задачи. Построение прозрачной системы формирования релизов продуктов и работы команды. Полноценное внедрение процесса...",Дэстэн Партнерс,https://hh.ru/vacancy/85665175,HeadHunter
4,Python бэкенд-разработчик,100000,160000,rub,Москва,От 1 года до 3 лет,"Требования: Уверенное владение Python и Django (начиная c 3.0). Postgres/MySQL. Придерживаться PEP 8. DRF. Push Notification, Firebase API.  Ответственность: Разработка бэкенда на Python 3 для мобильных приложений и вэб-сервисов. Разработка административной панели. Настройка рабочего окружения (dev, stage, prod...",Фрукторум,https://hh.ru/vacancy/84960294,HeadHunter
5,Middle QA Engineer (ЕАС),,,,Москва,От 1 года до 3 лет,"Требования: Имеет опыт создания тест планов, чек-листов. Знает методологии и виды тестирования, техники тест-дизайна. Умеет читать и анализировать большие... Ответственность: Проводить ручное функциональное тестирование (front/back-end). Составлять отчет о результатах тестирования, заводить дефекты в bug-tracking систему, подготавливать ПМИ. ",Почтатех,https://hh.ru/vacancy/84294868,HeadHunter
6,DevOps / Системный инженер,130000,180000,rub,Москва,От 1 года до 3 лет,"Требования: Понимание TCP/IP, OSI. Опыт с git. Знание Python. Опыт работы с локальным docker registry без UI. GET/POST запросы... Ответственность: ...стандартных компонентов Linux, администрирование, мониторинг, диагностика серверов под управлением Linux. Настройка nginx и apache. Разворачивание и поддержка сред DEV, QA.",Передовые Технологии,https://hh.ru/vacancy/85999481,HeadHunter
7,Middle+ Python (FastAPI) разработчик в технологичную девелоперскую компанию,200000,280000,rub,Москва,От 3 до 6 лет,"Требования: Больше 3 лет опыта на Python. Опыт с FastAPI более 1,5 лет. Вы также работаете с Redis, Celery, Pydantic... Ответственность: Разрабатывать на Python с использованием FastAPI. Работать над новыми проектами. Проводить Code review. Оценивать и декомпозировать задачи.",Remokate,https://hh.ru/vacancy/86047762,HeadHunter
8,Product Manager Onboarding,,,,Москва,От 1 года до 3 лет,"Требования: Опыт в роли продуктового менеджера от 1 года, либо похожий опыт в роли бизнес-аналитика, проджект-менеджера от 3 лет.  Ответственность: Общение и совместная работа с командами операционного бизнеса. Проведение качественных и количественных исследований, частые интервью, UX-тестирования, активная работа с...",CoMagic.dev,https://hh.ru/vacancy/83806120,HeadHunter
9,"Инженер систем мониторинга, SRE",,,,Москва,От 1 года до 3 лет,"Требования: Понимание методологий USE,4 golden signals. Опыт написания скриптов на языках python или bash. Опыт написания SQL запросов.  Ответственность: Мониторинг высоконагруженных сервисов Mission Critical. Построение дашбордов в системе визуализации Grafana. Разработка новых инструментов мониторинга. Развитие мониторинга от dev до...",СБЕР,https://hh.ru/vacancy/85903305,HeadHunter
10,DevOps specialist,,,,Москва,От 3 до 6 лет,"Требования: Хорошее знание сетей и основных сетевых протоколов. Опыт работы с Kubernetes, Docker/Harbor, Argo CD /Helm. Чтение кода на Python... Ответственность: Обеспечение непрерывной работы всей инфраструктуры, поддержка и обслуживание инфраструктурных сервисов. CI/CD – поддержка/развитие, перевод существующих сервисов на новые CI...",CoMagic.dev,https://hh.ru/vacancy/82931752,HeadHunter
11,C#/Python developer junior / middle,100000,250000,rub,Москва,От 1 года до 3 лет,"Требования: Опыт веб разработки с помощью C# и SQL. Обязательный опыт работы от 1 года в продуктовых компаниях. Чистый код, шаблоны... Ответственность: Net6+ везде, многое в k8s. Монолит - не легаси, поддерживаем на актуальном стеке и активно развиваем, 30...",Mindbox,https://hh.ru/vacancy/82260854,HeadHunter
12,QA Automation engineer (Fullstack),,,,Москва,От 3 до 6 лет,"Требования: Системное мышление, высокий уровень ответственности, умение планировать и организовывать процессы. Знание Python и Selenium. Есть опыт работы с Golang или... Ответственность: Валидировать продуктовые задачи, составлять тест планы: Принимать задачи после Dev Testing, проводить ручное тестирование непокрытого автотестами функционала. Сопровождать релизы и...",Go Ahead,https://hh.ru/vacancy/83459146,HeadHunter
13,Middle+ IT Recruiter,,,,Москва,От 3 до 6 лет,"Требования: Опыт работы IT рекрутинге от 2,5-х лет. Наличие успешных кейсов по закрытию вакансий (будет плюсом релевантный нам стек).  Ответственность: Снимать заявки и тесно взаимодействовать с нанимающими менеджерами на всех этапах жизненного цикла кандидата. Активно искать холодных кандидатов на различных...",МТС,https://hh.ru/vacancy/85434058,HeadHunter
14,System Engineer (DevOps),,,,Москва,От 1 года до 3 лет,"Требования: Имеет практический опыт работы с инструментами оркестрации и контейниризации (Kubernetes/Mesos) от 2 лет. Имеет опыт администрирования Linux - от 1... Ответственность: ...организации DevOps процессов. Автоматизация процессов сборки и деплоя ПО (построение процесса CI/CD). Cоздавать и поддерживать среды dev, test, prod.",edna,https://hh.ru/vacancy/85928983,HeadHunter
15,Senior QA Engineer,,,,Москва,От 3 до 6 лет,"Требования: Знает паттерн проектирования тестов - Page Object. Знает технологии: RestAPI (Postman, Swagger), Chrome Dev Tools, FireBug, Python Requests, JSON. Ответственность: Внутри мы делимся на кросс-функциональные команды в состав которых помимо разработчиков (back, front, mobile), дизайнеров, продакта, входят тестировщики. ",Циан,https://hh.ru/vacancy/85580741,HeadHunter
16,Client onboarding and Support Manager (Cryptocurrency ECN Platform),250000,350000,rub,Москва,От 3 до 6 лет,"Требования: Familiarity with programming fundamentals, command-line operations, bash scripting, and basic knowledge of Python. Fluent in English. Previous experience in... Ответственность: Client Onboarding: Proactively work with clients during the onboarding process. Ensure a swift and seamless connection, including client education and...",CrossOverMarkets,https://hh.ru/vacancy/84454585,HeadHunter
17,Game analyst,,,,Москва,От 1 года до 3 лет,"Требования: Умение грамотно визуализировать данные. Уверенное владение python с аналитическими библиотеками и SQL (мы используем ClickHouse). Навыки работы с необработанными данными.  Ответственность: Анализировать поведение пользователей и искать точки роста продукта. Проводить AB-тестирования и анализировать их результаты, выполнять проверку статистических гипотез. ",MNOGOGAMES,https://hh.ru/vacancy/84632628,HeadHunter
18,DevOps-инженер (Сбернадежность),,,,Москва,От 1 года до 3 лет,"Требования: Опыт разработки на языках программирования (Groovy/Java/Python). Опыт работы с технологиями контейнеризации (Docker/containerd). Опыт работы с Kubernetes/OpenShift... Ответственность: Поддержка и развитие микросервисной инфраструктуры. Взаимодействие с командами разработки, тестирования и сопровождения и проработка совместных решений. Проектирование, настройка и оптимизация...",СБЕР,https://hh.ru/vacancy/84689866,HeadHunter
19,NetOps инженер,,,,Москва,От 3 до 6 лет,"Требования: Широкий кругозор в Net и Dev. Опыт работы в cli/shell и автоматизации рутинных операций. Опыт Full Cycle Development: от... Ответственность: Модернизация и автоматизация сети, участие в выработке концепции на экспертном уровне. Переработка не совершенных процессов, legacy сервисов, систем и схем. ",Райффайзен Банк,https://hh.ru/vacancy/85566560,HeadHunter
20,DevOps engineer,,,,Москва,От 1 года до 3 лет,"Требования: Автоматизация работы с помощью Bash, Ansible, Python, Jenkins. Знания подходов и принципов CI/CD, написание pipeline. Опыт работы со стеком... Ответственность: Реализация CI/CD пайплайнов для микросервисов. Поддержка Dev/ИФТ стенда команды разработки. Работа с логами, расследование проблем и причин инцидентов. ",СБЕР,https://hh.ru/vacancy/85265857,HeadHunter
21,Devops инженер (SberLinux OS),240000,,rub,Москва,От 1 года до 3 лет,"Требования: ...Confluence, Git/BitBucket, GitLab). Автоматизация работы с помощью Bash, Ansible, Python, Jenkins. Знания подходов и принципов CI/CD, написание pipeline. Ответственность: Реализовывать CI/CD пайплайнов. Поддерживать Dev/Пром стенда команды разработки. Взаимодействовать с разработчиками/тестировщиками. Работать с логами, расследование проблем и...",SberTech,https://hh.ru/vacancy/84930915,HeadHunter
22,Аналитик данных (Big Data),,,,Москва,От 1 года до 3 лет,"Требования: Уверенные навыки Excel (Power Query, Power Pivot, DAX). Владение стандартным набором python-библиотек для анализа данных и умение использовать их... Ответственность: QA собственных инструментов. Презентация результатов. Ad-hoc запросы. Работать с разными продуктовыми и бизнес командами. Поддержка product/de/dev команд.","Лента, федеральная розничная сеть",https://hh.ru/vacancy/83569007,HeadHunter
23,DevOps инженер,,,,Москва,От 3 до 6 лет,"Требования: Опыт работы с фреймворками обработки данных (Flink, Kafka, Spark Streaming, и др.). Опыт разработки на Python, знакомства с Apache Airflow.  Ответственность: Участвовать в устранении и анализе сбоев и инцидентов. Управлять средами приложений (DEV/TEST/PROD). Осуществлять развитие всей инфраструктуры в Я.Облако...",РОСБАНК,https://hh.ru/vacancy/84549119,HeadHunter
24,Devops engineer linux (удаленно),,,,Москва,От 1 года до 3 лет,"Требования: Знание скриптовых языков программирования – Bash, Ruby, Python и т.п. Опыт работы с системой контроля кода Git. Опыт работы с... Ответственность: Непрерывное улучшение DevOps культуры в компании. Сопровождение инфраструктуру. Сопровождение процессов CI/CD. Сопровождение кластера Kubernete. Сопровождение dev стендов. ",ЛАНИТ,https://hh.ru/vacancy/82115079,HeadHunter
25,Аналитик (AppSec),,,,Москва,От 3 до 6 лет,"Требования: Знание скриптовых языков: Bash, Python. Умение эксплуатировать уязвимости. Знание Go на уровне junior+. Опыт внедрения анализаторов. Опыт работы с Docker. Ответственность: Формирование базы уязвимых продуктов на разных языках и фреймворках. Создание Docker-контейнеров с анализаторами. Взаимодействие с аналитиками, DEV, QA, экспертами...",МТС,https://hh.ru/vacancy/84539899,HeadHunter
26,SRE инженер,,,,Москва,От 1 года до 3 лет,"Требования: Опыт разработки на любом языке программирования (Python, Go, Ruby, Perl). Опыт работы в команде с применением практик DevOps.  Ответственность: Обеспечение бесперебойности и безопасности инфраструктуры: Dev, Stage, Production. Разработка и сопровождение CD. Разработка скриптов автоматизации рутинных задач администратора. ",СБЕР,https://hh.ru/vacancy/86038341,HeadHunter
27,Chief technical officer (CTO) Robo Dev,200000,350000,rub,Москва,Более 6 лет,"Требования: Высшее образование. Знание практик управления проектами. Отлично знает Python / C++. Работал с фреймворком ROS. Имеет опыт управления проектами в части... Ответственность: Планирование и контроль сроков, бюджета, качества разработки по проекту. Участвовать в разработке ПО для разноплановых роботов. Собрать команду разработчиков. ",Горизонт,https://hh.ru/vacancy/85956859,HeadHunter
28,Инженер по системам сбора и обработки данных,,,,Москва,От 3 до 6 лет,"Требования: Опыт работы с системами сбора, анализа и визуализации данных Elasticsearch/OpenSearch/Splunk. Опыт настройки и администрирования Kafka. Опыт конфигурирования фильтров... Ответственность: Установка и настройка программных продуктов. Настройка сбора и обработки информации поисковыми системами (OpenSearch/Splunk). Подготовка метрик и дашбордов, в том...",ЛАНИТ,https://hh.ru/vacancy/85760797,HeadHunter
29,Senior Python Developer,200000,450000,rub,Москва,От 3 до 6 лет,Опыт работы Python Dev от 3х лет. Unix-пользователь. Знание паттернов проектирования. Ответственность и самостоятельность.,МВП,https://hh.ru/vacancy/85590954,HeadHunter
30,Lead CI/CD Engineer,,,,Москва,От 3 до 6 лет,"Требования: Знания Linux систем, опыт их администрирования, опыта написания скриптов на python и bash. Навыки и опыт работы с Docker.  Ответственность: Автоматизировать развертывание сервисов на любых средах (dev/test/stage/prod). Разрабатывать инфраструктурные решения для организации платформ контейнерной виртуализации. ",РОСБАНК,https://hh.ru/vacancy/84571513,HeadHunter
31,Middle DevOps Engineer,,,,Москва,От 1 года до 3 лет,"Требования: Администрировать системы на Linux. Владеть скриптовым языком (Bash, Python, etc). Владеть контейнерными технологиями (Docker). Работать с системами развертывания Ansible.  Ответственность: CI\CD, написание пайплайнов. Масштабированием проекта. Администрированием инфраструктуры в рамках своего проекта. Мониторингом и логированием своего проекта. Взаимодействием с разработчиками...",СберЗдоровье,https://hh.ru/vacancy/86105309,HeadHunter
32,Frontend разработчик (Angular),,,,Москва,От 3 до 6 лет,"Требования: GraphQL. Kubernetes. GraphQl (Apollo client). Опыт работы в SCRUM-командах. Python 3. Функциональное программирование. Опыт работы в Linux, bash.  Ответственность: Сборка продуктов при помощи Webpack. Отладка, профилирование в chrome dev tools. Написание unit тестов (Jest). Работа в Git. ",INFOWATCH,https://hh.ru/vacancy/84502137,HeadHunter
33,DevOps Engineer,,,,Москва,От 1 года до 3 лет,"Требования: Понимание принципов работы Docker и Kubernetes. Навыки написания скриптов (Bash или Python). Опыт работы с облачной инфраструктурой. Опыт администрирования СУБД... Ответственность: Организация процесса CI/CD для компонентов приложения. Организация сред dev/stage/prod. Настройка сети для контуров и компонентов приложения, настройка...",ФК Гранд Капитал,https://hh.ru/vacancy/84886868,HeadHunter
34,"C++ developer (3D computer vision, robotics)",,,,Москва,От 3 до 6 лет,"Требования: Опыт в области компьютерного зрения, обработки изображений, 3D или game dev (от 2 лет). Знания базовых алгоритмов работы с... Ответственность: Работать на стыке robotics и computer vision, а именно заниматься интеграцией новых устройств, написанием кода для эффективного сбора данных с...",АБГ Технологии,https://hh.ru/vacancy/85266428,HeadHunter
35,Разработчик Python (Ключ),,,,Москва,От 1 года до 3 лет,"Требования: Уверенные знания и опыт коммерческой разработки на Python от 2х лет. Желание постоянно совершенствоваться и изучать новые технологии. Ответственность: ...8s на dev и prod через Gitlab CI/CD на кастомных пайплайнах, в планах перейти в dev на Gitlab...",Ростелеком Информационные Технологии,https://hh.ru/vacancy/81890854,HeadHunter
36,DevOps инженер,,,,Москва,От 3 до 6 лет,"Требования: HashiCorp Vault - опыт использования и умение настраивать интеграции. Python - минимум написание скриптов. Будет плюсом понимание ООП, умение писать сложные сценарии... Ответственность: Внедрение самоподдерживающихся инженерных практик (включая но, не ограничивая CI/CD, Code quality, и т.д.). Создание и внедрение стандартов автоматизации. ",Почтатех,https://hh.ru/vacancy/84991629,HeadHunter
37,DevOps инженер,,,,Москва,От 3 до 6 лет,"Требования: ...инструментов мониторинга (Prometheus, Grafana). Понимание принципов работы микросервисных платформ и их компонентов. Опыт работы с высоконагруженными микросервисами. Знание Python/GoLang. Ответственность: Создание пайплайнов CI/CD, поддержка текущих. Взаимодействие с командами разработки и тестирования. Администрирование кластеров Kubernetes различных сред разработки (dev, test).",Клауд Солюшенс,https://hh.ru/vacancy/82167418,HeadHunter
38,Senior Game designer,,,,Москва,От 3 до 6 лет,"Требования: Базовые знания в программировании на любом языке: JS, C#, Python или любые другие. Технические знания о структурах данных.  Ответственность: ...решений по улучшению игровых механизмов. Взаимодействовать и коммуницировать с командой (QA, Marketing, Analytics, DEV) и отстаивать технические аспекты работы проекта.",Meowpunk,https://hh.ru/vacancy/84510972,HeadHunter
39,SRE Engineer,,,,Москва,От 3 до 6 лет,"Требования: Опыт работы в роли инженера Dev/DevOps/SRE от 3-х лет. Опыт работы с высоконагруженными системами в production от... Ответственность: Обеспечивать заданный уровень SLA для сервисов компании. Разработка и контроль метрик производительности, надежности. Работа в составе продуктовых команд/стримов. ",Звук,https://hh.ru/vacancy/82235091,HeadHunter
40,Инженер по тестированию web,,,,Москва,От 1 года до 3 лет,Требования: Умеешь работать в команде. Имеешь опыт в тестировании и понимаешь процессы dev и qa. Умеешь четко выражать свои мысли и... Ответственность: ...подсвечивать проблемы на ретроспективах. Менторить новых сотрудников. Настраивать тестовую среду. Взаимодействовать с командой автоматизации. Будет возможность писать автотесты на python.,Иви,https://hh.ru/vacancy/81692165,HeadHunter
41,DevOps инженер (г. Москва),140000,,rub,Москва,От 1 года до 3 лет,"Требования: Опыт установки Kubernetes The Hard Way. Базовые знания Golang, Python, Bash-скрипты. Практический опыт написания CI/CD пайплайнов.  Ответственность: Разворачивание и сопровождение инфраструктуры. Автоматизация ручных задач. Подготовка стендов (dev, test, release). Осуществлять миграцию сервисов в Kubernetes. Участие во внедрении...",Альта Текнолоджи,https://hh.ru/vacancy/85262260,HeadHunter
42,Администратор Dev-стендов (команда виртуального ассистента),,,,Москва,От 3 до 6 лет,"Требования: Python/Java. Jenkins/GitlabCI. Ansible. Bash. Linux. Docker, Docker-compose, Kubernetes/OpenShift. Опыт работы с Linux. Опыт работы с системами... Ответственность: Создание и поддержка существующих CI/CD/CT. Настройка мониторингов. Администрирование инфраструктуры (Kafka, Jenkins, MLFLow, DVC или аналогичные). Администрирование пользовательских сервисов...",СБЕР,https://hh.ru/vacancy/83405120,HeadHunter
43,DevOps инженер (удаленно),,,,Москва,От 3 до 6 лет,"Требования: ...разработки скриптов (python/bash/perl и др.) для автоматизации широкого спектра задач. Понимание чужого кода, возможность внесения исправлений (Python/JS).  Ответственность: Установка, подключение, запуск и настройка оборудования для задач проекта. Развертывание, мониторинг и отладка dev/stage/prod сред. Администрирование *nix платформ...",СберМедИИ,https://hh.ru/vacancy/85623056,HeadHunter
44,Разработчик MS SSIS \ SQL,,,,Москва,От 3 до 6 лет,"Требования: Имеет высшее техническое образование. Имеет опыт работы по специальности от 3 лет (направление: разработчик). Обладает знаниями и опытом разработки ETL... Ответственность: Поддерживать текущие интеграционные потоки. Разрабатывать новые интеграционные потоки. Поддерживать и оптимизировать текущее хранилище данных. Развивать текущее ХД (создание схем, таблиц...",Почтатех,https://hh.ru/vacancy/85739600,HeadHunter
45,Dev Team lead - Tivery,,,,Москва,От 3 до 6 лет,"Требования: Middle+/Senior backend разработчик. Опыт управления командой от 3х человек. Желание развиваться в сторону технического лидера и СТО.  Ответственность: БД для текстовых данных: Elasticsearch. БД пользователей: PosgreSQL. Модуль парсинга данных: Python. Backend: Python или PHP Laravel, или NodeJS. ",Tivery,https://hh.ru/vacancy/84597745,HeadHunter
46,QA Automation\DevOps (удаленно),,,,Москва,От 1 года до 3 лет,"Требования: Знание скриптовых языков программирования – Bash, Ruby, Python и т.п. Опыт администрирования серверных ОС Linux - CentOS и\или Ubuntu. Ответственность: Непрерывное улучшение DevOps культуры в компании. Сопровождение инфраструктуры. Сопровождение процессов CI/CD. Сопровождение кластера Kubernetes. Сопровождение dev стендов. ",ЛАНИТ,https://hh.ru/vacancy/83306823,HeadHunter
47,SRE инженер,,,,Москва,От 3 до 6 лет,"Требования: Навыки администрирования приложений на Red Hat OpenShift. Опыт автоматизации: написание скриптов на Jython/Python, Вash, PowerShell, навыки работы с Jenkins.  Ответственность: Администрирование, внедрение и сопровождение АС в масштабах банка в соответствии с показателями качества, зафиксированными в SLA/TLA/OLA. ",СБЕР,https://hh.ru/vacancy/76546805,HeadHunter
48,Middle+ QA Load testing engineer (ГосТех),,,,Москва,От 3 до 6 лет,"Требования: Опыт тестирования UI (playwright, selenium). Опыт тестирования backend / frontend (swagger, postman, chrome dev tools) от 2 лет. Опыт настройки и... Ответственность: Разрабатывать и отлаживать скрипты по нагрузочному тестированию. Моделирование нагрузки для нагрузочных тестов. Анализ результатов тестирования. Ссоздание отчетов по результатам тестирования.",Cloud.ru,https://hh.ru/vacancy/85055844,HeadHunter
49,Инженер DevOps (направление продукта VK Compliance),,,,Москва,От 3 до 6 лет,"Требования: ...работы с Postgresql, Minio, Keycloak, Redis, Kafka, ClickHouse. Опыт работы с Prometheus + Grafana, ELK-стеком. Опыт скриптинга (Bash, Python). Ответственность: Observability: ELK, Grafana/Prometheus, агенты мониторинга и сбора логов. Подготовка и сопровождение системных ландшафтов dev/qa/uat/prod (в VK...",VK,https://hh.ru/vacancy/84689271,HeadHunter
50,Разработчик 1С (Middle/Senior),,,,Москва,От 3 до 6 лет,Требования: Имеет опыт разработки на управляемых приложениях в 1С от 3-х лет. Имеет опыт доработки нагруженных систем и опыт... Ответственность: Разрабатывать новую функциональность в конфигурациях 1С. Оптимизировать и поддерживать существующую функциональность в условиях большой кодовой базы. Тестировать выполненные разработки. ,Почтатех,https://hh.ru/vacancy/86093139,HeadHunter
51,Андроид Flutter / Kotlin / Java Pазработчик,130000,150000,rub,Москва,От 1 года до 3 лет,"Требования: Опыт работы с одним из фреймворков: Kotlin, Java, Flutter,Unity. Опыт работы с библиотеками популярных фреймворков, а так же сторонних... Ответственность: Проектирование и разработка новых мобильных приложений. Коммуникация с командой, принятие решений связанных с планированием разработки и процесса разработки приложений. ",Digital tools,https://hh.ru/vacancy/84859003,HeadHunter
52,DevOps инженер / SRE,,,,Москва,От 1 года до 3 лет,"Требования: Опыт системного администрирования Linux ( Debian / Ubuntu ). Опыт создания и поддержки dev, stage и prod окружений. Опыт написания пайплайнов CI/CD... Ответственность: Обеспечение безопасности, отказоустойчивости и оптимизация работы веб-приложений компании. Развертывание и поддержка dev, stage и prod окружений для отдела разработки.",ФТК Менеджмент,https://hh.ru/vacancy/85660308,HeadHunter
53,Системный администратор Windows,,,,Москва,От 3 до 6 лет,"Требования: Высокий уровень автоматизации рутинных процессов при помощи написания скриптов powershell, bash, python (будет огромным плюсом). Навыки взаимодействия с командами разработки.  Ответственность: Работать с colocation\hosting test, dev, pre-prod, prod серверами. Управлять правами доступа пользователей в различных системах (от ОС до...",Manzana Group,https://hh.ru/vacancy/84545784,HeadHunter
54,Администратор тестовых сред/DevOps (OpenShift),,,,Москва,От 1 года до 3 лет,"Требования: Навык работы хотя бы с одним скриптовым языком (Python, TCL, Bash, Perl, Ruby, JavaScript, Ansible). Английский язык – на уровне чтения... Ответственность: Развитие DevOps. Сопровождение DEV и QA сред. Траблшутинг DEV и QA сред. Работа с Cloud Native решениями. Внедрение нового технологического...",СБЕР,https://hh.ru/vacancy/85660797,HeadHunter
55,Middle Full Stack QA инженер (МТС еСпортс),,,,Москва,От 3 до 6 лет,"Требования: Аналогичный опыт работы от 3-х лет. Уверенное знание Python, Pytest. Знание методологий разработки ПО, жизненного цикла ПО и теории... Ответственность: Работать с Postman/Swagger, работать с Chrome Dev Tools. Работать с реляционными бд, написание запросов средней сложности (Join, функции агрегирования...",МТС,https://hh.ru/vacancy/85369700,HeadHunter
56,DevOps-инженер,120000,,rub,Москва,От 1 года до 3 лет,"Требования: Знания Unix систем, умение работы в терминале, TCP\IP. У нас распределенная команда, и большая часть общения проходит асинхронно.  Ответственность: Планирование и развертывание сервисов на любых средах (dev/test/stage/prod), взаимодействие с разработчиками по вопросам развертывания. Выявление/разбор инцидентов...",ДИВАН.РУ,https://hh.ru/vacancy/84623781,HeadHunter
57,Dev&Ops инженер,,,,Москва,От 3 до 6 лет,"Требования: Система автоматического конфигурирования Ansible. Платформы виртуализации OpenStack, VMWare vCloud. Знание СУБД: PostgreSQL. Опыт использования скриптовых языков: bash и/или python.  Ответственность: Администрировать ВМ под управлением ОС, совместимых с RHEL. Администрировать кластера Kubernetes и ВМ, развернутые в AWS и в частных облаках. ",Киберлэндинг,https://hh.ru/vacancy/83351183,HeadHunter
58,Devops Team lead,,,,Москва,От 3 до 6 лет,"Требования: Опыт руководства инфраструктурной и/или DevOps командой не менее 2-х лет. Экспертное знание ОС, сред, инструментов DevOps/DevSecOps на... Ответственность: Создавать и поддерживать конфигурации развертывания dev, stage и prod окружений. Администрировать системное и прикладное ПО окружений (управление обновлениями, настройками, восстановление...",Анлимитед Продакшен,https://hh.ru/vacancy/84495351,HeadHunter
59,QA Lead Engineer Automation,,,,Москва,Более 6 лет,Требования: Понимание современных трендов в тестировании продуктов. Практический опыт на Python. Опыт подготовки тестового окружения и конфигурации тестовых данных для тестирования... Ответственность: Организация автоматизированного тестирования. Анализ и планирование задач по автоматизации тестирования. Поддержка актуальности и проведение review кода разработанных автотестов. ,CoMagic.dev,https://hh.ru/vacancy/83958164,HeadHunter
60,"QA / Автотестировщик (Python, Selenium / Selenide)",200000,300000,rub,Москва,От 1 года до 3 лет,"Требования: Знание принципов построения архитектуры web-приложений, понимание html, dom, rest api, browser dev tools. Опыт работы с разными СУБД, знание... Ответственность: Разработка тестов с использованием Selenium, Selenide, Python, Pytest, TestNG. Составление сценариев тестирования. Внедрение автоматического тестирования. Составление отчетности по результатам выполнения...",Мамаева Ирина Анатольевна,https://hh.ru/vacancy/84726186,HeadHunter
61,SRE Engineer,,,,Москва,От 1 года до 3 лет,"Требования: Хорошие знания по использованию/написанию pipeline в gitlab-ci (или аналогов: TeamCity, Jenkins и пр.). Python|Go|Bash - приветствуется.  Ответственность: Предоставлять разовые услуги по имплементации мониторинга ИС, сбору метрик и нотификаций. Обеспечивать надежность и бесперебойность информационных систем. Выполнять мероприятия по...",Почтатех,https://hh.ru/vacancy/85942036,HeadHunter
62,SRE инженер (Business Platforms),,,,Москва,От 3 до 6 лет,"Требования: Знание .NET, .NET Core, ASP.NET Core (с опытом работы в Dev-командах). Знание Ansible. Опыт работы с k8s... Ответственность: WebOffice - это платформа виртуальных рабочих мест сотрудников, представляет собой семейство web-приложений, написанных, в основном, на .NET. Использует много модулей...",Тинькофф,https://hh.ru/vacancy/84186875,HeadHunter
63,SRE / DevOps engineer,200000,300000,rub,Москва,От 3 до 6 лет,"Требования: Ansible плейбуки и роли. Механизмы контейнеризации. Принципы виртуализации и vmware. Сети на уровне не ниже CCNA. Ответственность: Администрирования Hadoop Stack'a. Работы с grafana, prometheus, victoriametrics, alertmanager, kafka, graylog, clickhouse, postgresql, linstore, minio. Написания bash и python...",Платформа ОФД,https://hh.ru/vacancy/85106107,HeadHunter
64,Системный администратор Linux,,,,Москва,От 3 до 6 лет,"Требования: Опыт работы с Git. Опыт разработки на скриптовых языках bash/python/powershell. Опыт работы с: JVM (OpenJDK или JVM IBM).  Ответственность: Администрирование компонентов (серверов) из состава действующих (сопровождаемых) систем. Разработка скриптов, автоматизирующих существующие и проектируемые решения. Проработка/Разработка интеграционных решений с...",ЛАНИТ,https://hh.ru/vacancy/85759562,HeadHunter
65,DevOps-инженер,,,,Москва,От 3 до 6 лет,"Требования: Опыт разработки скриптов на Bash, Groovy или Python, использования GO templates. Опыт администрирования реляционных СУБД, знание SQL (PostgreSQL, Oracle).  Ответственность: Конфигурирование и администрирование БД. Интеграция с системой мониторинга на dev и тестовых стендах. Взаимодействие со смежными командами разработки, эксплуатации. ",Performance Lab (Перфоманс Лаб),https://hh.ru/vacancy/84116203,HeadHunter
66,Инженер Devops,,,,Москва,От 3 до 6 лет,"Требования: Опыт работы с СУБД Oracle (уметь писать SQL-запросы и несложные PL/SQL блоки). Умение писать скрипты (Bash / Python).  Ответственность: Настраивать, оптимизировать и поддерживать CI/CD пайплайны. Обеспечивать установку релизов на dev, test, preprod и prod средах. Взаимодействовать с командами...",ЮНИСТРИМ БАНК,https://hh.ru/vacancy/84561108,HeadHunter
67,Remote DevOps Engineer (Linux),,3000,USD,Москва,От 1 года до 3 лет,"Требования: Опыт автоматизации и написания скриптов. Следовательно bash и groovy (на хорошем уровне), Python (написать простые скрипты). Владение английским языком (чтение... Ответственность: Не бояться рутинных задач, внимательность и ответственность. При желании – шаринг знаний в формате dev2dev / meet-ups.",Crezu,https://hh.ru/vacancy/85169691,HeadHunter
68,DevOps/Site Reliability Engineer (SberMomentum),,,,Москва,От 3 до 6 лет,"Требования: Навыки администрирования приложений на Red Hat OpenShift. Опыт автоматизации: написание скриптов на Jython/Python, Вash, PowerShell, навыки работы с Jenkins.  Ответственность: Администрирование, внедрение и сопровождение АС в масштабах банка в соответствии с показателями качества, зафиксированными в SLA/TLA/OLA. ",СБЕР,https://hh.ru/vacancy/85586154,HeadHunter
69,Эксперт по технологическим вопросам 1С (ЗУП),,,,Москва,От 3 до 6 лет,"Требования: Обладает опытом разработки и глубоким пониманием механики работы платформы 1С:Предприятие 8. Имеет опыт построения/эксплуатации высоконагруженных ИС 1... Ответственность: Анализировать продуктивные среды, среды разработки и тестовые среды, подготавливать задания для решения выявленных операционных проблем в части эксплуатации систем 1...",Почтатех,https://hh.ru/vacancy/84711022,HeadHunter
70,Lead/Senior DevOps инженер (Remote),,,,Москва,От 3 до 6 лет,"Требования: Опыт написания скриптов на Bash/Python/Powershell или Go. Опыт администрирования реляционных СУБД (MySQL, PostgreSQL, MongoDB). Уверенное владение TSQL.  Ответственность: Разработкой\доработкой сценариев и пайплайнов CI/CD. Созданием и поддержкой конфигураций развертывания dev, stage и prod окружений. Предупреждением и решением...",Лоция,https://hh.ru/vacancy/84811718,HeadHunter
71,Middle+ / Senior DevOps Engineer,,,,Москва,От 3 до 6 лет,"Требования: Администрировать системы на Linux. Владеть скриптовым языком (Bash, Python, etc). Владеть контейнерными технологиями (Docker). Работать с системами развертывания Ansible.  Ответственность: CI\CD, написание пайплайнов. Масштабированием проекта. Администрированием инфраструктуры в рамках своего проекта. Мониторингом и логированием своего проекта. Взаимодействием с разработчиками...",СберЗдоровье,https://hh.ru/vacancy/84004803,HeadHunter
72,Ведущий DevOps инженер,,,,Москва,От 3 до 6 лет,"Требования: ...и реализовывать задачи. Centos/RHEL, Astra, AltLinux, RedOS. Gitlab CI. Управление виртуальными машинами. Знание и опыт написания скриптов на Python. Ответственность: Внедрение новых технологий. Миграция приложений в среду оркестрации/кластеризации. Подготовка dev/prod сред для продуктов компании, написание конфигураций, инсталяторов, других...",Р-Вижн,https://hh.ru/vacancy/84572486,HeadHunter
73,Разработчик C++ (middle/senior),,,,Москва,От 1 года до 3 лет,"Требования: Опыт разработки высоконагруженных систем, систем реального времени. Знание английского языка. Знание архитектуры ARM. Владение любым скриптовым языком (Lua, Python). Ответственность: Взаимодействие с аналитиками и программистами в процессе проектирования, постановке и реализации задач. Написание unit-тестов и dev-тестирование. ",Сервисный центр Транстелематика,https://hh.ru/vacancy/73750952,HeadHunter
74,Системный администратор Web,,,,Москва,Более 6 лет,"Требования: Хорошие навыки в автоматизации рутинных задач (sh/csh/bash, python, etc). Хорошие навыки в сетевом траблшутинге, анализ трафика в режиме... Ответственность: Настройка окружений. Настройка и обновления многоуровневых продуктивных и тестовых сред (dev -> pre-prod -> prod). Автоматизация восстановления работоспособности продуктов. ",МойОфис,https://hh.ru/vacancy/82939580,HeadHunter
75,Системный аналитик,,,,Москва,От 3 до 6 лет,"Требования: Опыт работы на аналогичной позиции – от 3-х лет. Опыт работы с опыт с контекстной рекламой (VK Ads, MyTarget Ads... Ответственность: Взаимодействие с бизнес-подразделениями компании для уточнения и согласования бизнес-процессов. Сбор, анализ, трансформация и детализация бизнес и системных требований. ",CoMagic.dev,https://hh.ru/vacancy/82928807,HeadHunter
76,Руководитель проекта (1С УНИП),,,,Москва,Более 6 лет,"Требования: Имеет высшее образование. Работал в должности руководителя проекта от 3-х лет и успешно управлял распределенной командой. Внедрял, развивал и... Ответственность: Управлением проектом на всех стадиях жизненного цикла. Подготовкой и заключением договоров, контролем реализации обязательств, приемкой работ. Управление бэклогом, приоритезацией с...",Почтатех,https://hh.ru/vacancy/86065180,HeadHunter
77,Специалист сопровождения микросервисной платформы в BigData (devops),,,,Москва,От 1 года до 3 лет,"Требования: Разработка скриптов автоматизации процессов настройки и обновления систем (Bash, Python, Groovy и др.). Развертывание и настройка тестовых и продуктивных сред.  Ответственность: Сопровождение DEV,TEST,PROD сред Сервисной платформы. Взаимодействие с командой DevOps,разработчиками, тестировщиками, аналитиками. Участие в RnD активности по внедрению...",ХОУМ Банк,https://hh.ru/vacancy/85849996,HeadHunter
78,Разработчик IBM Cognos,,,,Москва,От 3 до 6 лет,"Требования: Имеет высшее техническое образование. Имеет опыт внедрения, развития и поддержки IBM Cognos TM1\Plaining analytics. Обладает опытом работы по... Ответственность: Выполнять задачи по поддержке и развитию Системы бюджетирования и управленческого учета Почты России. Разрабатывать, тестировать, документировать, осуществлять сбор требований, формировать...",Почтатех,https://hh.ru/vacancy/85739633,HeadHunter
79,Data engineer / Инженер по работе с базами данных,,,,Москва,От 3 до 6 лет,"Требования: Linux (навыки траблшутинга и выявления узких мест в производительности). Автоматизация рутинных задач (bash, python). PostgreSQL: на уровне администрирования и анализа... Ответственность: Администрирование кластеров PostgreSQL. Администрирование кластеров GreenPlum. Обеспечение их производительности и отказоустойчивости. Взаимодействие с разработкой по формированию структур данных (анализ DDL...",АйтиМедиаСервис,https://hh.ru/vacancy/84564652,HeadHunter
80,DevOps инженер,,,,Москва,От 3 до 6 лет,"Требования: Опыт работы с системой управления конфигурациями Ansible. Знание принципов работы linux контейнеров (Docker) и систем оркестрации (Kubernetes/Docker Swarm).  Ответственность: Работа только с современными технологиями - никакого легаси. Создание необходимых условий в dev, test и prod среде для сборки и разворачивания...",Ингосстрах Банк,https://hh.ru/vacancy/83794072,HeadHunter
81,Senior DevOps инженер,,,,Москва,Более 6 лет,"Требования: Опыт работы в роли инженера Dev/DevOps/SRE от 2-х лет. Опыт работы с высоконагруженными системами в production от... Ответственность: Внедрение и поддержка инструментов инфраструктуры (метрики, мониторинг, бэкапы, хранение паролей и т.д.). Администрирование кластеров Kubernetes в продакшене. ",ГПМ Партнер,https://hh.ru/vacancy/86065812,HeadHunter
82,Senior DevOps Engineer,,,,Москва,От 3 до 6 лет,"Требования: Администрировать системы на Linux. Владеть скриптовым языком (Bash, Python, etc). Владеть контейнерными технологиями (Docker). Работать с системами развертывания Ansible.  Ответственность: CI\CD, написание пайплайнов. Масштабированием проекта. Администрированием инфраструктуры в рамках своего проекта. Мониторингом и логированием своего проекта. С разработчиками и...",СберЗдоровье,https://hh.ru/vacancy/85153303,HeadHunter
83,Ведущий инженер DevOps [МТС Бизнес],,,,Москва,От 1 года до 3 лет,"Требования: Опыт работы с docker/k8s, системами виртуализации. Знание скриптовых языков программирования (Bash/Python/Perl). Опыт работы с СУБД... Ответственность: Вместе с лидером разработки сформировать, воплотить и развивать образ целевого состояния CI/CD pipeline для сред dev, test, prod. ",МТС,https://hh.ru/vacancy/85688631,HeadHunter
84,Ведущий инженер,,,,Москва,От 1 года до 3 лет,"Требования: Знания на базовом уровне скриптовых языков программирования (python/bash). Опыт работы решений класса SIEM (ArcSight, MaxPatrol, QRadar). Опыт работы решений... Ответственность: Разработкой проектной документации. Участием во встречах с заказчиком для обсуждения нюансов внедрения. Верхнеуровневым проектированием внедряемой системы. Внедрением и настройкой решений...",Кросстех Солюшнс Групп,https://hh.ru/vacancy/82344009,HeadHunter
85,Аналитик-консультант 1C,,,,Москва,От 1 года до 3 лет,Требования: Знает одну/несколько конфигураций 1С на уровне специалист-консультант. Знает процесс закупочной деятельности в соответствии с требованиями законодательства Российской... Ответственность: Анализировать проблемы и консультировать ключевых пользователей по работе АИС на базе 1С. Анализировать бизнес-процессы as is и to...,Почтатех,https://hh.ru/vacancy/85308211,HeadHunter
86,"Head of Dev Department (Python, Low-Code) / Руководитель отдела разработки",250000,300000,rub,Москва,От 3 до 6 лет,"Требования: Опыт работы более 5 лет с продуктовыми командами в части реализации и внедрения. Хардовый технический бэкграунд (Python, SQL; С# будет... Ответственность: Управление международной командой разработки до 50 человек в штате компании (не аутсорс/аутстафф). Команда распределена между проектами, у каждого проекта...",Scalaxi,https://hh.ru/vacancy/85955969,HeadHunter
87,Middle DevOps инженер [ППО],,,,Москва,От 3 до 6 лет,"Требования: Опыт работы с Docker, Maven – для сборки backend, NPM – сборка frontend. Навыки работы с скриптовыми языками: bash, python.  Ответственность: Осуществлять поддержку команды в отладке и решении инфраструктурных и интеграционных проблем на dev, stage и prod средах (как самостоятельно, так...",МТС,https://hh.ru/vacancy/85944362,HeadHunter
88,Преподаватель IT-дисциплин (онлайн),,,,Москва,От 1 года до 3 лет,"Требования: IT-специалист с опытом от 3-х лет в коммерческой разработке. Эксперт в своей сфере. Увлеченный человек, который любит то... Ответственность: Проводить занятия в online-формате по имеющимся программам подготовки в TeachMeSkills. Проверять домашние задания, дипломные проекты. Проводить общение с учениками...",TeachMeSkills,https://hh.ru/vacancy/86017896,HeadHunter
89,Senior DevOps Engineer,,,,Москва,От 3 до 6 лет,"Требования: Глубокие знания Linux (опыт администрирование от 3 лет). Понимание паттернов построения отказоустойчивых и высокодоступных систем. Знание сетей, понимание работы оверлейных... Ответственность: Тесное сотрудничество с отделами разработки, тестирования. Поддержка и развитие средств мониторинга сервисов. Автоматизация задач по поддержке dev, test, prod сред.",MANGO OFFICE,https://hh.ru/vacancy/84536666,HeadHunter
90,Преподаватель по программированию в офлайн школу Инжинириум МГТУ им. Н.Э. Баумана (Южное Бутово),,,,Москва,От 1 года до 3 лет,"Требования: Python: Знание базовых алгоритмов и структур данных, Python (все версии выше 3.0), ООП, SQLite, Git (GitHub). Работа в Google... Ответственность: Корректное ведение отчётности. Заблаговременная подготовка к проведению занятий (изучение методик, подготовка оборудования, расходных материалов). Исполнение регламентов компании. Коммуникации и регулярная...",Люшняк Юрий Александрович,https://hh.ru/vacancy/85570636,HeadHunter
91,Разработчик 1C (Биллинг),,,,Москва,От 1 года до 3 лет,Требования: Имеет опыт разработки на управляемых приложениях в 1С от 3-х лет. Имеет опыт доработки нагруженных систем и опыт... Ответственность: Разрабатывать в конфигурации Биллинг 2.0. Тестировать выполненные разработки. Участвовать в выпуске релиза. Составлять сопутствующую техническую документацию.,Почтатех,https://hh.ru/vacancy/85848480,HeadHunter
92,"C++ Developer (robotics, controllers)",,,,Москва,От 3 до 6 лет,"Требования: ...на проприетарных языках поэтому важен опыт работы с Java, C#, Python, Javascript или delphi. Опыт в разработке под сервера и... Ответственность: Разрабатывать и оптимизировать драйверы и ПО на контроллерах, собирающих данные - различные сенсоры (камеры(2д, 3д), датчики расстояний, скорости...",АБГ Технологии,https://hh.ru/vacancy/85266536,HeadHunter
93,Разработчик 1С (АИСУЗ),,,,Москва,От 1 года до 3 лет,Требования: Имеет опыт разработки на управляемых приложениях в 1С от 3-х лет. Имеет опыт доработки нагруженных систем и опыт... Ответственность: Разрабатывать в системе АИС УЗ. Тестировать выполненные разработки. Участвовать в выпуске релиза. Составлять сопутствующую техническую документацию.,Почтатех,https://hh.ru/vacancy/85580807,HeadHunter
94,Преподаватель по программированию,,,,Москва,От 1 года до 3 лет,"Требования: Python: Знание базовых алгоритмов и структур данных, Python (все версии выше 3.0), ООП, SQLite, Git (GitHub). Работа в Google... Ответственность: Заблаговременная подготовка к проведению занятий (изучение методик, подготовка оборудования, расходных материалов). Корректное ведение отчётности. Исполнение регламентов компании. Коммуникации и регулярная...",Мойзес Михаил Геннадьевич,https://hh.ru/vacancy/85847080,HeadHunter
95,DevOps инженер,,,,Москва,От 3 до 6 лет,"Требования: Опыт работы с Kubernetes, Docker, Prometheus или аналогами. Умение писать скрипты (Python, Go, shell). Администрирование Linux (базовое понимание, отсутствие «страха... Ответственность: Строить и улучшать CI/CD для сервисов dev, stage и prod контуров. Поддерживать текущие и внедрять новые инструменты для разработчиков. ",Оператор Газпром ИД,https://hh.ru/vacancy/84689338,HeadHunter
